,tx_openvino,ty_openvino,tx_magface,ty_magface,labels,path
0,0.6030219,0.4779881,0.8136407,0.6921988,12,images/12_people_min_samples/person_12/9586.jpg
1,0.60302275,0.4779912,0.81364053,0.6922009,12,images/12_people_min_samples/person_12/9586.jpg
2,0.5556316,0.5635419,0.6032752,0.59061503,12,images/12_people_min_samples/person_12/1437.jpg
3,0.55949587,0.5683325,0.60342956,0.5845996,12,images/12_people_min_samples/person_12/1437.jpg
4,0.56739384,0.43050405,0.87977177,0.6205988,12,images/12_people_min_samples/person_12/36795.jpg
5,0.5673912,0.43050408,0.87977177,0.62059885,12,images/12_people_min_samples/person_12/36795.jpg
6,0.636915,0.5205312,0.7866323,0.60673326,12,images/12_people_min_samples/person_12/16362.jpg
7,0.63689053,0.52054656,0.7866002,0.60670245,12,images/12_people_min_samples/person_12/16362.jpg
8,0.507048,0.49852416,0.6849169,0.5689254,12,images/12_people_min_samples/person_12/32351.jpg
9,0.5007598,0.4949898,0.67930037,0.5830412,12,images/12_people_min_samples/person_12/32351.jpg
10,0.5999578,0.50226456,0.8203555,0.67169064,12,images/12_people_min_samples/person_12/6533.jpg
11,0.59992826,0.5022519,0.8203514,0.6716905,12,images/12_people_min_samples/person_12/6533.jpg
12,0.5219218,0.53256804,0.75250304,0.62499905,12,images/12_people_min_samples/person_12/24671.jpg
13,0.5219217,0.5325684,0.7525027,0.6249978,12,images/12_people_min_samples/person_12/24671.jpg
14,0.46270457,0.5884874,0.60990465,0.5009833,12,images/12_people_min_samples/person_12/38881.jpg
15,0.4565266,0.591702,0.60122234,0.505308,12,images/12_people_min_samples/person_12/38881.jpg
16,0.5600074,0.40661305,0.85535675,0.60158664,12,images/12_people_min_samples/person_12/60092.jpg
17,0.5600083,0.4066135,0.8553569,0.60158664,12,images/12_people_min_samples/person_12/60092.jpg
18,0.4625808,0.52783024,0.44591442,0.43503234,12,images/12_people_min_samples/person_12/17689.jpg
19,0.4625809,0.5278331,0.4459213,0.43503764,12,images/12_people_min_samples/person_12/17689.jpg
20,0.50164753,0.511204,0.68848187,0.5859903,12,images/12_people_min_samples/person_12/32104.jpg
21,0.4957462,0.5073871,0.6776925,0.5746366,12,images/12_people_min_samples/person_12/32104.jpg
22,0.61290973,0.3947125,0.8593899,0.6752582,12,images/12_people_min_samples/person_12/56209.jpg
23,0.61290663,0.39471364,0.8593904,0.6752566,12,images/12_people_min_samples/person_12/56209.jpg
24,0.45800087,0.5866016,0.60230494,0.49971426,12,images/12_people_min_samples/person_12/42200.jpg
25,0.4611347,0.59368956,0.60870486,0.50676376,12,images/12_people_min_samples/person_12/42200.jpg
26,0.5031653,0.59889865,0.78730834,0.5617119,12,images/12_people_min_samples/person_12/37510.jpg
27,0.503164,0.59890217,0.7873076,0.5617149,12,images/12_people_min_samples/person_12/37510.jpg
28,0.5962135,0.38385054,0.9056074,0.6402359,12,images/12_people_min_samples/person_12/57628.jpg
29,0.5962135,0.38385054,0.90560776,0.64023495,12,images/12_people_min_samples/person_12/57628.jpg
30,0.49470115,0.49947312,0.69597584,0.58030736,12,images/12_people_min_samples/person_12/31705.jpg
31,0.5070646,0.50626075,0.69439733,0.5721141,12,images/12_people_min_samples/person_12/31705.jpg
32,0.56502926,0.49577144,0.7717037,0.6546988,12,images/12_people_min_samples/person_12/26057.jpg
33,0.5650306,0.4957708,0.7717429,0.6546889,12,images/12_people_min_samples/person_12/26057.jpg
34,0.6346574,0.42851898,0.8748108,0.69539875,12,images/12_people_min_samples/person_12/54020.jpg
35,0.63466173,0.428519,0.8748108,0.69539875,12,images/12_people_min_samples/person_12/54020.jpg
36,0.5630312,0.47572583,0.7683273,0.68474436,12,images/12_people_min_samples/person_12/748.jpg
37,0.5630324,0.47572464,0.76831913,0.68475485,12,images/12_people_min_samples/person_12/748.jpg
38,0.52517503,0.42136917,0.8044364,0.51344055,12,images/12_people_min_samples/person_12/79188.jpg
39,0.52517617,0.4213671,0.80443406,0.5134416,12,images/12_people_min_samples/person_12/79188.jpg
40,0.49543518,0.4311016,0.49849728,0.45929906,12,images/12_people_min_samples/person_12/77736.jpg
41,0.49543524,0.43110287,0.49849758,0.45929846,12,images/12_people_min_samples/person_12/77736.jpg
42,0.5687462,0.5232463,0.7196108,0.64058626,12,images/12_people_min_samples/person_12/35387.jpg
43,0.5687653,0.52324235,0.71960205,0.64058924,12,images/12_people_min_samples/person_12/35387.jpg
44,0.5850245,0.41626278,0.87022614,0.65124375,12,images/12_people_min_samples/person_12/37081.jpg
45,0.58502364,0.4162647,0.87023365,0.6512388,12,images/12_people_min_samples/person_12/37081.jpg
46,0.5519106,0.5666594,0.61053866,0.59047186,12,images/12_people_min_samples/person_12/1477.jpg
47,0.55526716,0.57136405,0.6102622,0.5839628,12,images/12_people_min_samples/person_12/1477.jpg
48,0.4755464,0.5422957,0.4635759,0.41883698,12,images/12_people_min_samples/person_12/3626.jpg
49,0.47554567,0.54229695,0.4635776,0.41883707,12,images/12_people_min_samples/person_12/3626.jpg
50,0.60865456,0.43284774,0.84859216,0.6437239,12,images/12_people_min_samples/person_12/67352.jpg
51,0.60865456,0.43284774,0.84859633,0.6437178,12,images/12_people_min_samples/person_12/67352.jpg
52,0.59725976,0.5313426,0.72671753,0.6685198,12,images/12_people_min_samples/person_12/36058.jpg
53,0.59725654,0.53134567,0.72671753,0.66851974,12,images/12_people_min_samples/person_12/36058.jpg
54,0.6368899,0.5205655,0.7869063,0.6067988,12,images/12_people_min_samples/person_12/16219.jpg
55,0.5947289,0.48706663,0.8091893,0.65989834,12,images/12_people_min_samples/person_12/7570.jpg
56,0.587407,0.50701195,0.79218346,0.6612079,12,images/12_people_min_samples/person_12/5177.jpg
57,0.5935791,0.44348246,0.8463293,0.6286025,12,images/12_people_min_samples/person_12/79320.jpg
58,0.5865777,0.43194282,0.8834022,0.66266954,12,images/12_people_min_samples/person_12/37213.jpg
59,0.58793133,0.48241195,0.8059017,0.6511246,12,images/12_people_min_samples/person_12/8578.jpg
60,0.5324751,0.50371444,0.7821119,0.6272955,12,images/12_people_min_samples/person_12/29144.jpg
61,0.57931614,0.49697328,0.79101515,0.6777111,12,images/12_people_min_samples/person_12/5681.jpg
62,0.39101037,0.6021348,0.42973605,0.47763446,11,images/12_people_min_samples/person_11/14985.jpg
63,0.3842993,0.67837226,0.3090246,0.47330004,11,images/12_people_min_samples/person_11/7903.jpg
64,0.38507378,0.6807749,0.30741724,0.47318766,11,images/12_people_min_samples/person_11/8035.jpg
65,0.36924094,0.6242513,0.39306623,0.48586047,11,images/12_people_min_samples/person_11/6926.jpg
66,0.38613722,0.68587655,0.3085295,0.4667176,11,images/12_people_min_samples/person_11/8131.jpg
67,0.37691766,0.6573627,0.3477664,0.45376635,11,images/12_people_min_samples/person_11/13983.jpg
68,0.36860067,0.66952693,0.32649294,0.45583963,11,images/12_people_min_samples/person_11/13375.jpg
69,0.37865904,0.63844067,0.3706712,0.46494743,11,images/12_people_min_samples/person_11/10555.jpg
70,0.39101034,0.6021336,0.4297375,0.47764334,11,images/12_people_min_samples/person_11/17767.jpg
71,0.36559334,0.6514996,0.3876771,0.48293075,11,images/12_people_min_samples/person_11/12151.jpg
72,0.37795475,0.6320589,0.4026012,0.46399632,11,images/12_people_min_samples/person_11/11863.jpg
73,0.367745,0.6462574,0.3675801,0.46461263,11,images/12_people_min_samples/person_11/9571.jpg
74,0.53281504,0.75430715,0.3430049,0.6751543,3,images/12_people_min_samples/person_3/79.jpg
75,0.54533964,0.79079276,0.36745122,0.7082099,3,images/12_people_min_samples/person_3/33.jpg
76,0.4928492,0.7263874,0.362539,0.63430077,3,images/12_people_min_samples/person_3/323.jpg
77,0.5063979,0.74044544,0.3722381,0.6647052,3,images/12_people_min_samples/person_3/209.jpg
78,0.5141343,0.80186343,0.41419223,0.68856853,3,images/12_people_min_samples/person_3/1611.jpg
79,0.5121326,0.7959599,0.40829173,0.6918463,3,images/12_people_min_samples/person_3/607.jpg
80,0.49284935,0.7263716,0.362539,0.63430077,3,images/12_people_min_samples/person_3/431.jpg
81,0.52773273,0.73359776,0.32680032,0.70070696,3,images/12_people_min_samples/person_3/143.jpg
82,0.5100486,0.8033712,0.40472394,0.6863349,3,images/12_people_min_samples/person_3/1055.jpg
83,0.52773315,0.73359776,0.32680073,0.70070624,3,images/12_people_min_samples/person_3/131.jpg
84,0.52892274,0.7486466,0.33834597,0.67719966,3,images/12_people_min_samples/person_3/89.jpg
85,0.5081343,0.79757667,0.41055703,0.68302876,3,images/12_people_min_samples/person_3/615.jpg
86,0.49284196,0.726383,0.36253896,0.63430077,3,images/12_people_min_samples/person_3/251.jpg
87,0.5453427,0.79077,0.36745176,0.7082099,3,images/12_people_min_samples/person_3/27.jpg
88,0.23988138,0.5940704,0.4487055,0.018656548,5,images/12_people_min_samples/person_5/183.jpg
89,0.23630519,0.6028374,0.4459855,0.027135063,5,images/12_people_min_samples/person_5/1.jpg
90,0.34953365,0.54757035,0.509761,0.5122977,5,images/12_people_min_samples/person_5/467.jpg
91,0.34953365,0.54756594,0.509761,0.5122977,5,images/12_people_min_samples/person_5/492.jpg
92,0.24891828,0.5888851,0.4570099,0.007030066,5,images/12_people_min_samples/person_5/83.jpg
93,0.30030236,0.61452764,0.42788547,0.093970284,5,images/12_people_min_samples/person_5/641.jpg
94,0.3032404,0.57350796,0.56267464,0.5472603,5,images/12_people_min_samples/person_5/555.jpg
95,0.3066973,0.6159726,0.43680885,0.0908848,5,images/12_people_min_samples/person_5/862.jpg
96,0.26745602,0.6127963,0.41018233,0.011823938,5,images/12_people_min_samples/person_5/427.jpg
97,0.23774254,0.6173433,0.43648443,0.0,5,images/12_people_min_samples/person_5/279.jpg
98,0.29949716,0.60742205,0.42586294,0.082339935,5,images/12_people_min_samples/person_5/764.jpg
99,0.31098711,0.5638061,0.5433522,0.5329459,5,images/12_people_min_samples/person_5/519.jpg
100,0.24595895,0.6025107,0.44100204,0.011087145,5,images/12_people_min_samples/person_5/267.jpg
101,0.34953308,0.5475671,0.5098509,0.51243883,5,images/12_people_min_samples/person_5/463.jpg
102,0.30468586,0.56341493,0.55949485,0.5450126,5,images/12_people_min_samples/person_5/525.jpg
103,0.25089008,0.6218379,0.42262825,0.016195681,5,images/12_people_min_samples/person_5/315.jpg
104,0.25874874,0.59409297,0.46449083,0.020479394,5,images/12_people_min_samples/person_5/51.jpg
105,0.25217235,0.61255735,0.43045908,0.020465083,5,images/12_people_min_samples/person_5/291.jpg
106,0.2608681,0.62071,0.41943648,0.0031055617,5,images/12_people_min_samples/person_5/387.jpg
107,0.31026933,0.6087474,0.43600038,0.08405514,5,images/12_people_min_samples/person_5/868.jpg
108,0.30589244,0.6044792,0.42142308,0.08793151,5,images/12_people_min_samples/person_5/684.jpg
109,0.29528219,0.5864175,0.43484685,0.0627108,5,images/12_people_min_samples/person_5/537.jpg
110,0.39907327,0.49889305,0.62038904,0.448024,2,images/12_people_min_samples/person_2/910.jpg
111,0.38600305,0.3428711,0.96544796,0.4796138,2,images/12_people_min_samples/person_2/670.jpg
112,0.38731587,0.3868476,0.9009991,0.4863452,2,images/12_people_min_samples/person_2/622.jpg
113,0.36518487,0.31947857,0.9225477,0.469905,2,images/12_people_min_samples/person_2/596.jpg
114,0.34797028,0.3746565,0.9767965,0.43606645,2,images/12_people_min_samples/person_2/1596.jpg
115,0.37674284,0.32450837,0.92484105,0.48137614,2,images/12_people_min_samples/person_2/600.jpg
116,0.4098334,0.34125298,1.0,0.48283935,2,images/12_people_min_samples/person_2/24683.jpg
117,0.37809888,0.36661333,0.96645486,0.46455908,2,images/12_people_min_samples/person_2/608.jpg
118,0.39907327,0.49889305,0.6204274,0.44801205,2,images/12_people_min_samples/person_2/920.jpg
119,0.36939877,0.34331065,0.9584712,0.45673895,2,images/12_people_min_samples/person_2/8756.jpg
120,0.32850525,0.41480806,0.40685493,0.40351418,2,images/12_people_min_samples/person_2/1663.jpg
121,0.3467526,0.34428754,0.9439012,0.44157016,2,images/12_people_min_samples/person_2/11132.jpg
122,0.3641247,0.4380437,0.5696241,0.44419435,2,images/12_people_min_samples/person_2/1711.jpg
123,0.42916566,0.32615405,0.98873687,0.509596,2,images/12_people_min_samples/person_2/1497.jpg
124,0.3467526,0.34428754,0.94005436,0.44375685,2,images/12_people_min_samples/person_2/9548.jpg
125,0.40978107,0.34123793,1.0,0.48283935,2,images/12_people_min_samples/person_2/22956.jpg
126,0.3284528,0.41527295,0.406856,0.40351382,2,images/12_people_min_samples/person_2/1640.jpg
127,0.40530467,0.37376696,0.91280264,0.50566643,2,images/12_people_min_samples/person_2/738.jpg
128,0.3906613,0.35691226,0.9559422,0.4879567,2,images/12_people_min_samples/person_2/652.jpg
129,0.36817625,0.36039168,0.98267704,0.45857158,2,images/12_people_min_samples/person_2/2940.jpg
130,0.4421788,0.340772,0.96841735,0.5240848,2,images/12_people_min_samples/person_2/1652.jpg
131,0.42118475,0.4081367,0.7249965,0.5070728,2,images/12_people_min_samples/person_2/32170.jpg
132,0.40519044,0.31723872,0.94050366,0.50893855,2,images/12_people_min_samples/person_2/2153.jpg
133,0.4392177,0.3311447,0.96520156,0.51392746,2,images/12_people_min_samples/person_2/1664.jpg
134,0.37401304,0.34584022,0.94932693,0.46748245,2,images/12_people_min_samples/person_2/8912.jpg
135,0.40983656,0.34126353,1.0,0.48283935,2,images/12_people_min_samples/person_2/21864.jpg
136,0.42117196,0.40813607,0.72501343,0.5070447,2,images/12_people_min_samples/person_2/33401.jpg
137,0.3468558,0.34159017,0.93784,0.4447347,2,images/12_people_min_samples/person_2/12572.jpg
138,0.3993477,0.48539665,0.63900554,0.44454777,2,images/12_people_min_samples/person_2/1106.jpg
139,0.40519044,0.31723872,0.94052184,0.5089389,2,images/12_people_min_samples/person_2/2175.jpg
140,0.42753997,0.3539047,0.9332307,0.52759385,2,images/12_people_min_samples/person_2/1712.jpg
141,0.39065367,0.35693708,0.9559324,0.4879748,2,images/12_people_min_samples/person_2/649.jpg
142,0.4060386,0.3696045,0.9019759,0.5081521,2,images/12_people_min_samples/person_2/5415.jpg
143,0.39934513,0.48539463,0.63899815,0.4445456,2,images/12_people_min_samples/person_2/1349.jpg
144,0.42118266,0.40813553,0.7250779,0.50728023,2,images/12_people_min_samples/person_2/30453.jpg
145,0.36365554,0.43707561,0.57181835,0.4426729,2,images/12_people_min_samples/person_2/1699.jpg
146,0.41143152,0.4867693,0.5405617,0.44661063,2,images/12_people_min_samples/person_2/1585.jpg
147,0.37352508,0.30553186,0.9086921,0.46997425,2,images/12_people_min_samples/person_2/588.jpg
148,0.449737,0.03637819,0.17397766,0.2506267,7,images/12_people_min_samples/person_7/63168.jpg
149,0.43236324,0.03197893,0.15343855,0.24416594,7,images/12_people_min_samples/person_7/63861.jpg
150,0.46997577,0.020238357,0.101822905,0.24367055,7,images/12_people_min_samples/person_7/1149.jpg
151,0.4110197,0.10794164,0.47897688,0.36361673,7,images/12_people_min_samples/person_7/18422.jpg
152,0.4279885,0.019541046,0.14428417,0.23408966,7,images/12_people_min_samples/person_7/62574.jpg
153,0.42789817,0.051685058,0.18048306,0.27032742,7,images/12_people_min_samples/person_7/25326.jpg
154,0.41066733,0.115088746,0.47776973,0.36394435,7,images/12_people_min_samples/person_7/16381.jpg
155,0.47440055,0.0439777,0.10341969,0.280215,7,images/12_people_min_samples/person_7/787.jpg
156,0.4436583,0.09100202,0.21521446,0.30080232,7,images/12_people_min_samples/person_7/53082.jpg
157,0.43861544,0.0007958894,0.13584709,0.26411608,7,images/12_people_min_samples/person_7/9724.jpg
158,0.45667994,0.020940857,0.12334931,0.26325467,7,images/12_people_min_samples/person_7/14870.jpg
159,0.4458167,0.105900064,0.21941176,0.30405673,7,images/12_people_min_samples/person_7/1672.jpg
160,0.42484877,0.10180854,0.45924646,0.37112406,7,images/12_people_min_samples/person_7/3057.jpg
161,0.43890136,0.024647253,0.14007385,0.25038788,7,images/12_people_min_samples/person_7/43640.jpg
162,0.43952763,0.051059194,0.16424333,0.2719703,7,images/12_people_min_samples/person_7/24822.jpg
163,0.41328228,0.100838974,0.4710787,0.3795434,7,images/12_people_min_samples/person_7/27401.jpg
164,0.44318837,0.041044854,0.17093271,0.2550129,7,images/12_people_min_samples/person_7/63399.jpg
165,0.42425495,0.0056864982,0.12201797,0.2312724,7,images/12_people_min_samples/person_7/64719.jpg
166,0.48447278,0.01982002,0.09288455,0.2663151,7,images/12_people_min_samples/person_7/579.jpg
167,0.45040798,0.0,0.11294479,0.2549774,7,images/12_people_min_samples/person_7/4798.jpg
168,0.44670525,0.014948929,0.13468328,0.2750763,7,images/12_people_min_samples/person_7/8512.jpg
169,0.43355328,0.069125324,0.19984064,0.28881577,7,images/12_people_min_samples/person_7/26250.jpg
170,0.42369798,0.02366888,0.14428417,0.23408966,7,images/12_people_min_samples/person_7/62618.jpg
171,0.44766372,0.055261083,0.16046537,0.2683362,7,images/12_people_min_samples/person_7/24780.jpg
172,0.46036938,0.0076328414,0.12479014,0.24724607,7,images/12_people_min_samples/person_7/6179.jpg
173,0.39226833,0.54038996,0.5009915,0.48926452,8,images/12_people_min_samples/person_8/494.jpg
174,0.09344765,0.3825707,0.7777364,0.9082571,8,images/12_people_min_samples/person_8/52251.jpg
175,0.060536154,0.407674,0.75433445,0.9523182,8,images/12_people_min_samples/person_8/33486.jpg
176,0.05363297,0.4246993,0.7500677,0.96776384,8,images/12_people_min_samples/person_8/21105.jpg
177,0.103326015,0.4270444,0.506648,0.58766675,8,images/12_people_min_samples/person_8/197.jpg
178,0.055541854,0.40639785,0.7611946,0.94007295,8,images/12_people_min_samples/person_8/35440.jpg
179,0.16431728,0.4302263,0.4683237,0.49498186,8,images/12_people_min_samples/person_8/19609.jpg
180,0.09266296,0.3947488,0.47628585,0.57352316,8,images/12_people_min_samples/person_8/50601.jpg
181,0.04628403,0.3895299,0.7535378,0.98289335,8,images/12_people_min_samples/person_8/13143.jpg
182,0.03137348,0.41197652,0.77760696,0.9646161,8,images/12_people_min_samples/person_8/6.jpg
183,0.0936113,0.46025482,0.71478206,0.8975908,8,images/12_people_min_samples/person_8/1528.jpg
184,0.083695315,0.43338117,0.71993184,0.8726755,8,images/12_people_min_samples/person_8/3140.jpg
185,0.084872514,0.43160662,0.72392887,0.87739956,8,images/12_people_min_samples/person_8/1643.jpg
186,0.054066524,0.4547937,0.75035834,0.91955906,8,images/12_people_min_samples/person_8/43762.jpg
187,0.020902464,0.4207518,0.76816076,0.9700353,8,images/12_people_min_samples/person_8/42322.jpg
188,0.062413815,0.37074646,0.77777094,0.92789185,8,images/12_people_min_samples/person_8/6987.jpg
189,0.053384166,0.43459386,0.7343415,0.9564965,8,images/12_people_min_samples/person_8/56739.jpg
190,0.11132431,0.3822857,0.70323396,0.9457321,8,images/12_people_min_samples/person_8/1132.jpg
191,0.01973199,0.37554124,0.8141002,0.98240215,8,images/12_people_min_samples/person_8/45243.jpg
192,0.023191947,0.40346256,0.7828025,0.9805087,8,images/12_people_min_samples/person_8/6346.jpg
193,0.044471584,0.41563094,0.76469314,0.9570357,8,images/12_people_min_samples/person_8/37024.jpg
194,0.12855107,0.4006516,0.49548116,0.54350436,8,images/12_people_min_samples/person_8/75493.jpg
195,0.030389393,0.43483138,0.8024358,0.9621697,8,images/12_people_min_samples/person_8/49149.jpg
196,0.071302585,0.43063566,0.74439764,0.91452247,8,images/12_people_min_samples/person_8/2276.jpg
197,0.015703967,0.43112838,0.7864351,0.95039517,8,images/12_people_min_samples/person_8/48123.jpg
198,0.024866948,0.39134005,0.7968769,0.9877226,8,images/12_people_min_samples/person_8/46251.jpg
199,0.03357994,0.42332077,0.7861696,0.96902233,8,images/12_people_min_samples/person_8/101.jpg
200,0.16191754,0.44118994,0.48391327,0.49874994,8,images/12_people_min_samples/person_8/31187.jpg
201,0.11733523,0.44014505,0.5021634,0.5749089,8,images/12_people_min_samples/person_8/20335.jpg
202,0.011656028,0.40176153,0.7674677,0.98468035,8,images/12_people_min_samples/person_8/22587.jpg
203,0.12419134,0.43447185,0.5013041,0.57024014,8,images/12_people_min_samples/person_8/28556.jpg
204,0.13064045,0.40048444,0.49520072,0.5350573,8,images/12_people_min_samples/person_8/77968.jpg
205,0.0955326,0.43717626,0.73498577,0.8816384,8,images/12_people_min_samples/person_8/1393.jpg
206,0.17015252,0.4318949,0.4709248,0.5001294,8,images/12_people_min_samples/person_8/17386.jpg
207,0.18103725,0.44157246,0.47172675,0.5138149,8,images/12_people_min_samples/person_8/44410.jpg
208,0.070030354,0.45423785,0.7236883,0.9312996,8,images/12_people_min_samples/person_8/15626.jpg
209,0.18281743,0.4418019,0.47007784,0.5168356,8,images/12_people_min_samples/person_8/45695.jpg
210,0.04144334,0.37465712,0.7818484,0.9980605,8,images/12_people_min_samples/person_8/10695.jpg
211,0.036703166,0.45277038,0.80323195,0.9394324,8,images/12_people_min_samples/person_8/4030.jpg
212,0.06735108,0.40803915,0.7433143,0.94210017,8,images/12_people_min_samples/person_8/31889.jpg
213,0.05588586,0.3861751,0.7573971,1.0,8,images/12_people_min_samples/person_8/7875.jpg
214,0.019240303,0.44720504,0.7255531,0.97326505,8,images/12_people_min_samples/person_8/16146.jpg
215,0.0,0.40617213,0.7438337,0.9896019,8,images/12_people_min_samples/person_8/58653.jpg
216,0.56244284,0.25162575,0.559808,0.71392405,10,images/12_people_min_samples/person_10/10866.jpg
217,0.51127833,0.25840548,0.5822802,0.65615714,10,images/12_people_min_samples/person_10/3695.jpg
218,0.57059765,0.25722393,0.5622463,0.7250977,10,images/12_people_min_samples/person_10/15264.jpg
219,0.5427528,0.27349967,0.58671886,0.6947272,10,images/12_people_min_samples/person_10/6313.jpg
220,0.5131357,0.25924093,0.58126146,0.6673057,10,images/12_people_min_samples/person_10/4007.jpg
221,0.51522845,0.22552434,0.5533709,0.66757816,10,images/12_people_min_samples/person_10/4865.jpg
222,0.5152285,0.22552432,0.5533709,0.66757816,10,images/12_people_min_samples/person_10/4943.jpg
223,0.57059765,0.25722393,0.5622406,0.7250986,10,images/12_people_min_samples/person_10/14468.jpg
224,0.52804387,0.28672367,0.5053882,0.40220112,10,images/12_people_min_samples/person_10/7926.jpg
225,0.5274505,0.22296858,0.56457645,0.66503865,10,images/12_people_min_samples/person_10/4981.jpg
226,0.5227613,0.29508975,0.51154,0.41552445,10,images/12_people_min_samples/person_10/8898.jpg
227,0.57059765,0.25722393,0.5567171,0.72459817,10,images/12_people_min_samples/person_10/11982.jpg
228,0.5206428,0.3016965,0.51382643,0.41672817,10,images/12_people_min_samples/person_10/7276.jpg
229,0.53711635,0.27826142,0.58747214,0.6925766,10,images/12_people_min_samples/person_10/6565.jpg
230,0.74614483,0.21657948,0.68751675,0.27546218,4,images/12_people_min_samples/person_4/5622.jpg
231,0.7159403,0.17771325,0.88159406,0.22236119,4,images/12_people_min_samples/person_4/218.jpg
232,0.6944204,0.19850704,0.85289484,0.22416206,4,images/12_people_min_samples/person_4/13628.jpg
233,0.7947471,0.25907227,0.71931267,0.40021944,4,images/12_people_min_samples/person_4/1239.jpg
234,0.73917055,0.17941783,0.90473,0.25942585,4,images/12_people_min_samples/person_4/28288.jpg
235,0.7316522,0.1152224,0.8808388,0.27243283,4,images/12_people_min_samples/person_4/16794.jpg
236,0.7572256,0.28373578,0.56667995,0.3797108,4,images/12_people_min_samples/person_4/23519.jpg
237,0.7750302,0.102498636,0.80798537,0.27722555,4,images/12_people_min_samples/person_4/157.jpg
238,0.70755875,0.26089337,0.5911463,0.27738768,4,images/12_people_min_samples/person_4/18813.jpg
239,0.7075842,0.15776436,0.9039933,0.22094335,4,images/12_people_min_samples/person_4/158.jpg
240,0.72137815,0.17815045,0.88251406,0.21298626,4,images/12_people_min_samples/person_4/190.jpg
241,0.8106018,0.21448244,0.5459732,0.2854211,4,images/12_people_min_samples/person_4/1072.jpg
242,0.7512685,0.24511191,0.5321615,0.3516566,4,images/12_people_min_samples/person_4/505.jpg
243,0.77560604,0.23925927,0.53568697,0.31805995,4,images/12_people_min_samples/person_4/849.jpg
244,0.6894261,0.15814087,0.925375,0.21873397,4,images/12_people_min_samples/person_4/3726.jpg
245,0.6924217,0.16455889,0.91924495,0.22891551,4,images/12_people_min_samples/person_4/4116.jpg
246,0.75082695,0.28019795,0.5590072,0.3759046,4,images/12_people_min_samples/person_4/24870.jpg
247,0.7947728,0.25904644,0.7193689,0.4001327,4,images/12_people_min_samples/person_4/1578.jpg
248,0.7075588,0.26089564,0.5911437,0.2773875,4,images/12_people_min_samples/person_4/19173.jpg
249,0.7302679,0.11730378,0.8836005,0.2665279,4,images/12_people_min_samples/person_4/17004.jpg
250,0.71708375,0.21802682,0.66467696,0.27785823,4,images/12_people_min_samples/person_4/6054.jpg
251,0.7027302,0.17906934,0.88769984,0.22766651,4,images/12_people_min_samples/person_4/394.jpg
252,0.6837164,0.16857012,0.9271626,0.22685711,4,images/12_people_min_samples/person_4/3363.jpg
253,0.7088932,0.16700251,0.902294,0.23213886,4,images/12_people_min_samples/person_4/130.jpg
254,0.7244171,0.19474074,0.8765977,0.23993686,4,images/12_people_min_samples/person_4/20789.jpg
255,0.8106018,0.21448244,0.5459748,0.28543347,4,images/12_people_min_samples/person_4/1634.jpg
256,0.7451798,0.28422433,0.5661973,0.3868229,4,images/12_people_min_samples/person_4/24221.jpg
257,0.81055987,0.21449167,0.54607296,0.28543904,4,images/12_people_min_samples/person_4/968.jpg
258,0.7568407,0.25119618,0.5304932,0.3520394,4,images/12_people_min_samples/person_4/18.jpg
259,0.7390615,0.21088217,0.69608295,0.27380762,4,images/12_people_min_samples/person_4/4974.jpg
260,0.7770825,0.10830139,0.80231327,0.28035623,4,images/12_people_min_samples/person_4/169.jpg
261,0.71119493,0.19342974,0.8479418,0.21242808,4,images/12_people_min_samples/person_4/8819.jpg
262,0.77228844,0.110132985,0.7979404,0.27485615,4,images/12_people_min_samples/person_4/127.jpg
263,0.76557434,0.17619461,0.89354336,0.18084878,4,images/12_people_min_samples/person_4/355.jpg
264,0.7254052,0.15720423,0.9322078,0.2381252,4,images/12_people_min_samples/person_4/680.jpg
265,0.7947675,0.25904557,0.7193492,0.4001421,4,images/12_people_min_samples/person_4/2079.jpg
266,0.7298393,0.23807472,0.63032,0.26789236,4,images/12_people_min_samples/person_4/18321.jpg
267,0.75552595,0.29109228,0.55723417,0.38743556,4,images/12_people_min_samples/person_4/25542.jpg
268,0.7009643,0.19743918,0.8537796,0.2288511,4,images/12_people_min_samples/person_4/13139.jpg
269,0.7407903,0.16359249,0.92624795,0.2535838,4,images/12_people_min_samples/person_4/421.jpg
270,0.7255876,0.2076388,0.84671086,0.25253713,4,images/12_people_min_samples/person_4/19605.jpg
271,0.7802252,0.23829332,0.5353201,0.3185829,4,images/12_people_min_samples/person_4/948.jpg
272,0.77019006,0.10430893,0.80348414,0.27155778,4,images/12_people_min_samples/person_4/66.jpg
273,0.720647,0.13018836,0.88475096,0.2534405,4,images/12_people_min_samples/person_4/17214.jpg
274,0.7651853,0.17661116,0.8936493,0.17888488,4,images/12_people_min_samples/person_4/343.jpg
275,0.74795145,0.2916776,0.55289936,0.38066936,4,images/12_people_min_samples/person_4/23831.jpg
276,0.755681,0.23376985,0.641707,0.28272417,4,images/12_people_min_samples/person_4/62.jpg
277,0.736143,0.23867947,0.6249936,0.26726386,4,images/12_people_min_samples/person_4/18441.jpg
278,0.8789276,0.28448176,0.6096529,0.20839195,6,images/12_people_min_samples/person_6/944.jpg
279,0.92442894,0.29675943,0.6440793,0.14966486,6,images/12_people_min_samples/person_6/51785.jpg
280,0.9724617,0.28478196,0.69044745,0.084919944,6,images/12_people_min_samples/person_6/35364.jpg
281,0.8874437,0.35274288,0.6125668,0.334359,6,images/12_people_min_samples/person_6/49079.jpg
282,0.9656326,0.22251639,0.7341724,0.12268236,6,images/12_people_min_samples/person_6/376.jpg
283,0.87679976,0.3147,0.56464374,0.25892693,6,images/12_people_min_samples/person_6/1614.jpg
284,0.8545747,0.2880191,0.594206,0.24157457,6,images/12_people_min_samples/person_6/1454.jpg
285,0.88027734,0.31354326,0.5762936,0.23149657,6,images/12_people_min_samples/person_6/1238.jpg
286,0.9344896,0.21441428,0.7528802,0.14635538,6,images/12_people_min_samples/person_6/436.jpg
287,0.8509306,0.31076992,0.37933862,0.35819277,6,images/12_people_min_samples/person_6/3155.jpg
288,0.8712931,0.36616385,0.6104165,0.3590974,6,images/12_people_min_samples/person_6/51389.jpg
289,1.0,0.2769971,0.6699889,0.09990859,6,images/12_people_min_samples/person_6/25958.jpg
290,0.99248993,0.27799672,0.6713668,0.09098673,6,images/12_people_min_samples/person_6/29000.jpg
291,0.92666125,0.2773764,0.65862143,0.16710621,6,images/12_people_min_samples/person_6/830.jpg
292,0.97365147,0.27902302,0.6950092,0.08627884,6,images/12_people_min_samples/person_6/35224.jpg
293,0.8732995,0.35489023,0.59765697,0.34698802,6,images/12_people_min_samples/person_6/20021.jpg
294,0.9092437,0.37046567,0.61329186,0.37582284,6,images/12_people_min_samples/person_6/512.jpg
295,0.9375011,0.24966663,0.7014928,0.15112291,6,images/12_people_min_samples/person_6/698.jpg
296,0.9334324,0.30866235,0.6729126,0.31644848,6,images/12_people_min_samples/person_6/43089.jpg
297,0.8576054,0.33239132,0.5871908,0.21765426,6,images/12_people_min_samples/person_6/1259.jpg
298,0.9868401,0.25941724,0.69751555,0.12637657,6,images/12_people_min_samples/person_6/8.jpg
299,0.91893244,0.33648273,0.6280159,0.32013845,6,images/12_people_min_samples/person_6/20526.jpg
300,0.94146603,0.2776608,0.6661049,0.14464684,6,images/12_people_min_samples/person_6/657.jpg
301,0.9714631,0.22492748,0.73274714,0.115270935,6,images/12_people_min_samples/person_6/372.jpg
302,0.8352917,0.3611059,0.65113354,0.3367162,6,images/12_people_min_samples/person_6/336.jpg
303,0.99631006,0.29503813,0.6534484,0.10132046,6,images/12_people_min_samples/person_6/23360.jpg
304,0.9229991,0.24575281,0.7011264,0.16509654,6,images/12_people_min_samples/person_6/473.jpg
305,0.90130156,0.32685745,0.58211315,0.31550142,6,images/12_people_min_samples/person_6/30127.jpg
306,0.8732995,0.35489023,0.5976551,0.34698254,6,images/12_people_min_samples/person_6/19085.jpg
307,0.8363994,0.3609783,0.6567137,0.3411163,6,images/12_people_min_samples/person_6/280.jpg
308,0.92245024,0.3194837,0.6377058,0.32769462,6,images/12_people_min_samples/person_6/32480.jpg
309,0.93755645,0.28475687,0.6583037,0.15105984,6,images/12_people_min_samples/person_6/651.jpg
310,0.9527328,0.28571463,0.66461635,0.1311551,6,images/12_people_min_samples/person_6/697.jpg
311,0.850928,0.3107706,0.3793423,0.35819116,6,images/12_people_min_samples/person_6/5510.jpg
312,0.90804803,0.36832312,0.5834819,0.34465355,6,images/12_people_min_samples/person_6/603.jpg
313,0.9850193,0.24773782,0.70967835,0.11299499,6,images/12_people_min_samples/person_6/216.jpg
314,0.9833029,0.281205,0.6838272,0.10159134,6,images/12_people_min_samples/person_6/39142.jpg
315,0.9468014,0.2826906,0.6576523,0.13499963,6,images/12_people_min_samples/person_6/785.jpg
316,0.8780301,0.3316712,0.5776108,0.32880464,6,images/12_people_min_samples/person_6/1899.jpg
317,0.97700423,0.25341585,0.70476913,0.122226074,6,images/12_people_min_samples/person_6/172.jpg
318,0.8974614,0.2972692,0.6423322,0.18875231,6,images/12_people_min_samples/person_6/1584.jpg
319,0.8974582,0.2972486,0.64230746,0.18874526,6,images/12_people_min_samples/person_6/1604.jpg
320,0.8975006,0.28837112,0.64022076,0.20056865,6,images/12_people_min_samples/person_6/1564.jpg
321,0.9789635,0.2625131,0.6935926,0.12077775,6,images/12_people_min_samples/person_6/84.jpg
322,0.954399,0.21911785,0.74364793,0.13341951,6,images/12_people_min_samples/person_6/424.jpg
323,0.8889302,0.27671984,0.6189717,0.19792986,6,images/12_people_min_samples/person_6/857.jpg
324,0.98688096,0.2994055,0.661079,0.11117212,6,images/12_people_min_samples/person_6/21956.jpg
325,0.95491034,0.25082204,0.7206177,0.13956131,6,images/12_people_min_samples/person_6/248.jpg
326,0.28847235,0.12611102,0.3226468,0.22424494,9,images/12_people_min_samples/person_9/42491.jpg
327,0.3432327,0.10210065,0.4302474,0.31328723,9,images/12_people_min_samples/person_9/20522.jpg
328,0.29158172,0.11862779,0.33044285,0.20332061,9,images/12_people_min_samples/person_9/49718.jpg
329,0.29167044,0.14014384,0.32999575,0.21728922,9,images/12_people_min_samples/person_9/56648.jpg
330,0.2794396,0.12715428,0.31728804,0.2102757,9,images/12_people_min_samples/person_9/36717.jpg
331,0.3206631,0.12866451,0.34605598,0.24506512,9,images/12_people_min_samples/person_9/65933.jpg
332,0.2743015,0.1083416,0.36630118,0.22696465,9,images/12_people_min_samples/person_9/9761.jpg
333,0.28315368,0.13943097,0.34075224,0.21225506,9,images/12_people_min_samples/person_9/26290.jpg
334,0.25874227,0.113607146,0.38429177,0.23424567,9,images/12_people_min_samples/person_9/14714.jpg
335,0.34119216,0.10501342,0.44168243,0.324394,9,images/12_people_min_samples/person_9/59354.jpg
336,0.30330694,0.1088842,0.3065096,0.22783473,9,images/12_people_min_samples/person_9/18243.jpg
337,0.2820384,0.102043286,0.36587852,0.22940238,9,images/12_people_min_samples/person_9/12521.jpg
338,0.2982901,0.13170551,0.34000927,0.22517969,9,images/12_people_min_samples/person_9/44291.jpg
339,0.36553255,0.123374894,0.48243606,0.4499797,9,images/12_people_min_samples/person_9/31903.jpg
340,0.34069315,0.123201646,0.40836686,0.28816703,9,images/12_people_min_samples/person_9/79352.jpg
341,0.3085258,0.08129691,0.30782065,0.25361755,9,images/12_people_min_samples/person_9/3322.jpg
342,0.3131074,0.09484305,0.33653495,0.26668516,9,images/12_people_min_samples/person_9/15745.jpg
343,0.33394092,0.11060531,0.44367698,0.32619828,9,images/12_people_min_samples/person_9/64226.jpg
344,0.32198367,0.10371327,0.3809474,0.27995268,9,images/12_people_min_samples/person_9/21614.jpg
345,0.3026395,0.07590323,0.3101316,0.25130266,9,images/12_people_min_samples/person_9/2218.jpg
346,0.42269844,0.5317947,0.54541945,0.46706825,9,images/12_people_min_samples/person_9/30748.jpg
347,0.42270967,0.5317871,0.54541945,0.46706825,9,images/12_people_min_samples/person_9/29536.jpg
348,0.31491336,0.15075754,0.32160443,0.242401,9,images/12_people_min_samples/person_9/4565.jpg
349,0.27397773,0.10181216,0.36526555,0.21956909,9,images/12_people_min_samples/person_9/6528.jpg
350,0.31450853,0.12762895,0.36558267,0.24855451,9,images/12_people_min_samples/person_9/76734.jpg
351,0.3995191,0.98272705,0.050493486,0.8771698,1,images/12_people_min_samples/person_1/43729.jpg
352,0.4573966,0.9482678,0.03737614,0.8276897,1,images/12_people_min_samples/person_1/757.jpg
353,0.3513978,0.9593409,0.116846375,0.79856074,1,images/12_people_min_samples/person_1/20.jpg
354,0.44359306,0.94772243,0.01911168,0.8400956,1,images/12_people_min_samples/person_1/1058.jpg
355,0.3995191,0.98272705,0.044553734,0.8810264,1,images/12_people_min_samples/person_1/43777.jpg
356,0.37251818,0.9406289,0.10643271,0.8862269,1,images/12_people_min_samples/person_1/83.jpg
357,0.40936735,0.98907316,0.026704844,0.8818638,1,images/12_people_min_samples/person_1/43405.jpg
358,0.43919945,0.9172523,0.0624908,0.82104677,1,images/12_people_min_samples/person_1/1350.jpg
359,0.4540954,0.8962245,0.048854005,0.7956158,1,images/12_people_min_samples/person_1/881.jpg
360,0.38357076,0.92058307,0.12919988,0.87628835,1,images/12_people_min_samples/person_1/118.jpg
361,0.4621809,0.9427496,0.027031824,0.82123077,1,images/12_people_min_samples/person_1/787.jpg
362,0.36834356,0.97039366,0.07282796,0.91778874,1,images/12_people_min_samples/person_1/29.jpg
363,0.40963563,0.8996204,0.15541574,0.839926,1,images/12_people_min_samples/person_1/3481.jpg
364,0.40685797,1.0,0.0309784,0.87201804,1,images/12_people_min_samples/person_1/43069.jpg
365,0.41012174,0.94183713,0.078488916,0.8759303,1,images/12_people_min_samples/person_1/2857.jpg
366,0.43560237,0.810684,0.420875,0.58174217,1,images/12_people_min_samples/person_1/226.jpg
367,0.43830988,0.856914,0.40109208,0.5618116,1,images/12_people_min_samples/person_1/3724.jpg
368,0.42889082,0.9968158,0.09042112,0.84131354,1,images/12_people_min_samples/person_1/1826.jpg
369,0.37999418,0.9470244,0.096525505,0.89991003,1,images/12_people_min_samples/person_1/73.jpg
370,0.45750678,0.97354984,0.0599079,0.8450251,1,images/12_people_min_samples/person_1/707.jpg
371,0.4058554,0.96717054,0.053309567,0.8905737,1,images/12_people_min_samples/person_1/44413.jpg
372,0.41599676,0.9825671,0.04138226,0.8687752,1,images/12_people_min_samples/person_1/42769.jpg
373,0.42777508,0.84749883,0.38924927,0.55299675,1,images/12_people_min_samples/person_1/4036.jpg
374,0.44069797,0.99050087,0.09781769,0.8584513,1,images/12_people_min_samples/person_1/2629.jpg
375,0.45416552,0.8975359,0.048795365,0.79558444,1,images/12_people_min_samples/person_1/853.jpg
376,0.4214862,0.8579727,0.36407143,0.57580906,1,images/12_people_min_samples/person_1/5116.jpg
377,0.3513978,0.9593409,0.116846375,0.79856074,1,images/12_people_min_samples/person_1/18.jpg
378,0.3654185,0.9883765,0.053574637,0.91509485,1,images/12_people_min_samples/person_1/51.jpg
379,0.4374617,0.9423785,0.030921146,0.8382773,1,images/12_people_min_samples/person_1/995.jpg
380,0.4355997,0.81068164,0.42087716,0.5817394,1,images/12_people_min_samples/person_1/328.jpg
381,0.4140971,0.9715051,0.03597647,0.8912373,1,images/12_people_min_samples/person_1/44089.jpg
382,0.42777255,0.8474962,0.38924927,0.55299675,1,images/12_people_min_samples/person_1/3971.jpg
383,0.38090107,0.921882,0.12689494,0.8797798,1,images/12_people_min_samples/person_1/103.jpg
384,0.4477776,0.96281755,0.04812188,0.8469589,1,images/12_people_min_samples/person_1/731.jpg
385,0.4329177,0.9737365,0.08179828,0.85134083,1,images/12_people_min_samples/person_1/1890.jpg
386,0.41013008,0.9418381,0.07848739,0.87593055,1,images/12_people_min_samples/person_1/2845.jpg
387,0.46039033,0.92983943,0.0,0.83109766,1,images/12_people_min_samples/person_1/792.jpg
388,0.43151596,0.9771309,0.08139754,0.8572651,1,images/12_people_min_samples/person_1/2066.jpg
389,0.43594983,0.9365989,0.018778969,0.85225147,1,images/12_people_min_samples/person_1/946.jpg
390,0.41844478,0.9551194,0.07463579,0.8903596,1,images/12_people_min_samples/person_1/3133.jpg
391,0.40963554,0.8996188,0.15541574,0.839926,1,images/12_people_min_samples/person_1/3493.jpg
392,0.35628372,0.9689211,0.11803843,0.8102003,1,images/12_people_min_samples/person_1/22.jpg
393,0.4625691,0.96698457,0.059350345,0.8585882,1,images/12_people_min_samples/person_1/683.jpg
394,0.4214819,0.8579685,0.36406213,0.5758082,1,images/12_people_min_samples/person_1/4088.jpg
395,0.6484853,0.73631704,0.19722362,0.61715466,0,images/12_people_min_samples/person_0/4.jpg
396,0.6623158,0.7456489,0.21084881,0.60444206,0,images/12_people_min_samples/person_0/1.jpg
397,0.6132515,0.720515,0.21060896,0.5597573,0,images/12_people_min_samples/person_0/1241.jpg
398,0.65550375,0.7230905,0.18347462,0.6104875,0,images/12_people_min_samples/person_0/13.jpg
399,0.5958541,0.73463976,0.22328666,0.5811906,0,images/12_people_min_samples/person_0/1460.jpg
400,0.60208774,0.7236243,0.21096842,0.5752952,0,images/12_people_min_samples/person_0/1400.jpg
401,0.6215731,0.73463887,0.22608867,0.5637517,0,images/12_people_min_samples/person_0/1291.jpg
402,0.61864245,0.7507753,0.17784342,0.5698621,0,images/12_people_min_samples/person_0/1034.jpg
403,0.6563891,0.7312701,0.18283987,0.6005237,0,images/12_people_min_samples/person_0/7.jpg
404,0.6076537,0.7414273,0.19492215,0.5604725,0,images/12_people_min_samples/person_0/1132.jpg
405,0.66227806,0.7324197,0.19244368,0.60236526,0,images/12_people_min_samples/person_0/9.jpg
406,0.6075031,0.7307983,0.19842623,0.57508415,0,images/12_people_min_samples/person_0/1345.jpg
407,0.61864245,0.7507753,0.17784342,0.5698621,0,images/12_people_min_samples/person_0/1048.jpg
408,0.6020756,0.74886274,0.1897164,0.5507609,0,images/12_people_min_samples/person_0/999.jpg
409,0.44574243,0.789244,0.4326029,0.5195051,0,images/12_people_min_samples/person_0/25.jpg
410,0.6198185,0.7267185,0.22216454,0.56797266,0,images/12_people_min_samples/person_0/1249.jpg
411,0.6057846,0.7659435,0.17913234,0.53824085,0,images/12_people_min_samples/person_0/985.jpg
412,0.45319322,0.7914538,0.42680553,0.5180745,0,images/12_people_min_samples/person_0/1470.jpg
